{
  "feat_mean": [
    7.752751350402832,
    13.507864952087402,
    25.229990005493164,
    0.8412598371505737,
    1.1562045812606812,
    60.56004333496094,
    2.4913246631622314,
    2.8966076374053955,
    1.868833303451538,
    2.251845121383667,
    2.4839441776275635,
    2.5209763050079346,
    2.797229051589966,
    2.019487142562866,
    2.440049171447754,
    2.1907289028167725,
    3.1972031593322754,
    1.868833303451538,
    0.4814838767051697,
    0.4959212839603424,
    0.022594846785068512
  ],
  "feat_std": [
    7.129113674163818,
    9.152745246887207,
    19.097707748413086,
    2.485252618789673,
    0.876401424407959,
    45.964691162109375,
    2.223747491836548,
    2.470071792602539,
    1.8278847932815552,
    2.270738363265991,
    2.2204430103302,
    2.0331456661224365,
    2.1991629600524902,
    1.9225389957427979,
    2.3865108489990234,
    2.050165891647339,
    2.645632743835449,
    1.8278847932815552,
    0.4996732175350189,
    0.4999995529651642,
    0.14861275255680084
  ]
}