{
  "feat_mean": [
    7.733703136444092,
    13.461289405822754,
    25.415925979614258,
    0.8469424247741699,
    1.1649037599563599,
    60.81132888793945,
    2.487523317337036,
    2.900315999984741,
    1.8948997259140015,
    2.2750661373138428,
    2.474821090698242,
    2.5328519344329834,
    2.8117222785949707,
    2.007028102874756,
    2.4639885425567627,
    2.1835062503814697,
    3.2043330669403076,
    1.8948997259140015,
    0.48745888471603394,
    0.4910697042942047,
    0.021471403539180756
  ],
  "feat_std": [
    7.103577136993408,
    8.844320297241211,
    19.04758071899414,
    2.4864282608032227,
    0.8738330602645874,
    45.89108657836914,
    2.2288880348205566,
    2.4577929973602295,
    1.8260835409164429,
    2.2855334281921387,
    2.2192416191101074,
    2.015584707260132,
    2.1813013553619385,
    1.9283702373504639,
    2.397998332977295,
    2.0623462200164795,
    2.6251678466796875,
    1.8260835409164429,
    0.4998587965965271,
    0.49993637204170227,
    0.14495426416397095
  ]
}